"Cultura,""media_area"",""desvio_area"",""media_insumo"",""desvio_insumo"""
Milho,785398163797448,1570796326528228,31281.8575,34829.9897447763
Soja,785398163797448,1570796326528228,45425,76621.945289845
